﻿"Country Code","Region","IncomeGroup","SpecialNotes","TableName",
"ABW","Latin America & Caribbean","High income","SNA data for 2000-2011 are updated from official government statistics; 1994-1999 from UN databases. Base year has changed from 1995 to 2000.","Aruba",
"AFG","South Asia","Low income","Fiscal year end: March 20; reporting period for national accounts data is calendar year, estimated to insure consistency between national accounts and fiscal data. National accounts data are sourced from the IMF and differ from the Central Statistics Organization numbers due to exclusion of the opium economy.","Afghanistan",
"AGO","Sub-Saharan Africa","Lower middle income","","Angola",
"ALB","Europe & Central Asia","Upper middle income","","Albania",
"AND","Europe & Central Asia","High income","WB-3 code changed from ADO to AND to align with ISO code.","Andorra",
"ARB","","","Arab World aggregate. Arab World is composed of members of the League of Arab States.","Arab World",
"ARE","Middle East & North Africa","High income","","United Arab Emirates",
"ARG","Latin America & Caribbean","High income","National Institute of Statistics and Census revised national accounts from 2004-2015. Argentina, which was temporarily unclassified in July 2016 pending release of revised national accounts statistics, is classified as upper middle income for FY17 as of September 29, 2016.

The World Bank systematically assesses the appropriateness of official exchange rates as conversion factors. An alternative conversion factor is used when the official exchange rate is judged to diverge by an exceptionally large margin from the rate effectively applied to domestic transactions of foreign currencies and traded products. In the case of Argentina, the World Bank has found that during 2012-2015 there were two exchange rates (official and parallel) and parallel exchange rate (blue chip swap rate) was used in around 20% of the transactions. Based on this information an alternative conversion factor has been calculated using a weighted average method for this period.","Argentina",
"ARM","Europe & Central Asia","Upper middle income","","Armenia",
"ASM","East Asia & Pacific","Upper middle income","New base Year 2009","American Samoa",
"ATG","Latin America & Caribbean","High income","","Antigua and Barbuda",
"AUS","East Asia & Pacific","High income","Fiscal year end: June 30; reporting period for national accounts data: FY. Value added current series updated by the Australian Bureau of Statistics;","Australia",
"AUT","Europe & Central Asia","High income","A simple multiplier is used to convert the national currencies of EMU members to euros. The following irrevocable euro conversion rate was adopted by the EU Council on January 1, 1999: 1 euro = 13.7603 Austrian schilling. Please note that historical data before 1999 are not actual euros and are not comparable or suitable for aggregation across countries.","Austria",
"AZE","Europe & Central Asia","Upper middle income","","Azerbaijan",
"BDI","Sub-Saharan Africa","Low income","","Burundi",
"BEL","Europe & Central Asia","High income","A simple multiplier is used to convert the national currencies of EMU members to euros. The following irrevocable euro conversion rate was adopted by the EU Council on January 1, 1999: 1 euro = 40.3399 Belgian franc. Please note that historical data before 1999 are not actual euros and are not comparable or suitable for aggregation across countries.","Belgium",
"BEN","Sub-Saharan Africa","Low income","","Benin",
"BFA","Sub-Saharan Africa","Low income","","Burkina Faso",
"BGD","South Asia","Lower middle income","Fiscal year end: June 30; reporting period for national accounts data: FY.","Bangladesh",
"BGR","Europe & Central Asia","Upper middle income","","Bulgaria",
"BHR","Middle East & North Africa","High income","","Bahrain",
"BHS","Latin America & Caribbean","High income","Base year has changed from 2006 to 2012.","Bahamas, The",
"BIH","Europe & Central Asia","Upper middle income","","Bosnia and Herzegovina",
"BLR","Europe & Central Asia","Upper middle income","In July 2016 a new Belarusian ruble was introduced, at a rate of 1 new ruble = 10,000 old rubles. Local currency values in this database are in new rubels.","Belarus",
"BLZ","Latin America & Caribbean","Upper middle income","","Belize",
"BMU","North America","High income","","Bermuda",
"BOL","Latin America & Caribbean","Lower middle income","","Bolivia",
"BRA","Latin America & Caribbean","Upper middle income","","Brazil",
"BRB","Latin America & Caribbean","High income","SNA price valuation was changed from VAP to VAB.","Barbados",
"BRN","East Asia & Pacific","High income","National accounts revision is based on data from the Economic Planning and Development - Prime Minister's Office published data.","Brunei Darussalam",
"BTN","South Asia","Lower middle income","","Bhutan",
"BWA","Sub-Saharan Africa","Upper middle income","Fiscal year end: March 31; reporting period for national accounts data: CY. Based on official government statistics, national accounts data have been revised from 2006 onward; the new base year is 2006. Data before 2006 were reported on a fiscal year basis.","Botswana",
"CAF","Sub-Saharan Africa","Low income","The source of national accounts has changed to the International Monetary Fund. The base year has reverted back to 1985; the new reference year is 2005.","Central African Republic",
"CAN","North America","High income","Fiscal year end: March 31; reporting period for national accounts data: CY.","Canada",
"CEB","","","Central Europe and the Baltics aggregate.","Central Europe and the Baltics",
"CHE","Europe & Central Asia","High income","","Switzerland",
"CHI","Europe & Central Asia","High income","","Channel Islands",
"CHL","Latin America & Caribbean","High income","Country uses chain linked methodology.","Chile",
"CHN","East Asia & Pacific","Upper middle income","On 1 July 1997 China resumed its exercise of sovereignty over Hong Kong; and on 20 December 1999 China resumed its exercise of sovereignty over Macao. Unless otherwise noted, data for China do not include data for Hong Kong SAR, China; Macao SAR, China; or Taiwan, China. The new base year is 2015.","China",
"CIV","Sub-Saharan Africa","Lower middle income","","Côte d'Ivoire",
"CMR","Sub-Saharan Africa","Lower middle income","National accounts data revised from 1993-2016.","Cameroon",
"COD","Sub-Saharan Africa","Low income","WB-3 code changed from ZAR to COD to align with ISO code.","Congo, Dem. Rep.",
"COG","Sub-Saharan Africa","Lower middle income","","Congo, Rep.",
"COL","Latin America & Caribbean","Upper middle income","","Colombia",
"COM","Sub-Saharan Africa","Low income","","Comoros",
"CPV","Sub-Saharan Africa","Lower middle income","Cabo Verde is the name for the country previously listed as Cape Verde. Value added is measured in basic prices.","Cabo Verde",
"CRI","Latin America & Caribbean","Upper middle income","National accounts are revised from 1991 to 2015 using SNA 2008 based on official government data. The new reference year is 2012. The country uses chain linked methedology.","Costa Rica",
"CSS","","","","Caribbean small states",
"CUB","Latin America & Caribbean","Upper middle income","Based on government statistics, the base year is 1997.","Cuba",
"CUW","Latin America & Caribbean","High income","","Curaçao",
"CYM","Latin America & Caribbean","High income","","Cayman Islands",
"CYP","Europe & Central Asia","High income","A simple multiplier is used to convert the national currencies of EMU members to euros. The following irrevocable euro conversion rate entered into force on January 1, 2008: 1 euro = 0.585274 Cyprus pounds. Please note that historical data are not actual euros and are not comparable or suitable for aggregation across countries.","Cyprus",
"CZE","Europe & Central Asia","High income","","Czech Republic",
"DEU","Europe & Central Asia","High income","A simple multiplier is used to convert the national currencies of EMU members to euros. The following irrevocable euro conversion rate was adopted by the EU Council on January 1, 1999: 1 euro = 1.95583 German mark. Please note that historical data before 1999 are not actual euros and are not comparable or suitable for aggregation across countries.","Germany",
"DJI","Middle East & North Africa","Lower middle income","","Djibouti",
"DMA","Latin America & Caribbean","Upper middle income","","Dominica",
"DNK","Europe & Central Asia","High income","","Denmark",
"DOM","Latin America & Caribbean","Upper middle income","The Dominican Republic uses chain linked methodology.","Dominican Republic",
"DZA","Middle East & North Africa","Upper middle income","The new base year is 1999.","Algeria",
"EAP","","","East Asia and Pacific regional aggregate (does not include high-income economies).","East Asia & Pacific (excluding high income)",
"EAR","","","Early-dividend countries are mostly lower-middle-income countries further along the fertility transition. Fertility rates have fallen below four births per woman and the working-age share of the population is likely rising considerably.","Early-demographic dividend",
"EAS","","","East Asia and Pacific regional aggregate (includes all income levels).","East Asia & Pacific",
"ECA","","","Europe and Central Asia regional aggregate (does not include high-income economies).","Europe & Central Asia (excluding high income)",
"ECS","","","Europe and Central Asia regional aggregate (includes all income levels).","Europe & Central Asia",
"ECU","Latin America & Caribbean","Upper middle income","","Ecuador",
"EGY","Middle East & North Africa","Lower middle income","Fiscal year end: June 30; reporting period for national accounts data: FY.","Egypt, Arab Rep.",
"EMU","","","Euro area aggregate.","Euro area",
"ERI","Sub-Saharan Africa","Low income","","Eritrea",
"ESP","Europe & Central Asia","High income","A simple multiplier is used to convert the national currencies of EMU members to euros. The following irrevocable euro conversion rate was adopted by the EU Council on January 1, 1999: 1 euro = 166.386 Spanish peseta. Please note that historical data before 1999 are not actual euros and are not comparable or suitable for aggregation across countries.","Spain",
"EST","Europe & Central Asia","High income","A simple multiplier is used to convert the national currencies of EMU members to euros. The following irrevocable euro conversion rate entered into force on January 1, 2011: 1 euro = 15.6466 Estonian kroon. Please note that historical data are not actual euros and are not comparable or suitable for aggregation across countries.","Estonia",
"ETH","Sub-Saharan Africa","Low income","Fiscal year end: July 7; reporting period for national accounts data: FY.","Ethiopia",
"EUU","","","European Union aggregate.","European Union",
"FCS","","","Fragile and conflict affected situations aggregate. Countries with fragile situations are primarily International Development Association-eligible countries and nonmember or inactive countries and territories with a 3.2 or lower harmonized average of the World Bank's Country Policy and Institutional Assessment rating and the corresponding rating by a regional development bank, or that have had a UN or regional peacebuilding and political mission (for example by the African Union, European Union, or Organization of American States) or peacekeeping mission (for example, by the African Union, European Union, North Atlantic Treaty Organization, or Organization of American States) during the last three years. The group excludes IBRD countries (for which the CPIA scores are not publically disclosed); unless there is the presence of a peace-keeping or political/peacebuilding mission. This definition is pursuant to an agreement between the World Bank and other multilateral development banks at the start of the International Development Association 15 round in 2007. The list of countries and territories with fragile situations is imperfect and used here to reflect a complex concept. The World Bank continues to work with partners and client countries to refine the concept.","Fragile and conflict affected situations",
"FIN","Europe & Central Asia","High income","A simple multiplier is used to convert the national currencies of EMU members to euros. The following irrevocable euro conversion rate was adopted by the EU Council on January 1, 1999: 1 euro = 5.94573 Finnish markka. Please note that historical data before 1999 are not actual euros and are not comparable or suitable for aggregation across countries.","Finland",
"FJI","East Asia & Pacific","Upper middle income","National accounts have been revised  based on the Fiji Bureau of Statistics and World Bank estimates. The base year is 2011.","Fiji",
"FRA","Europe & Central Asia","High income","A simple multiplier is used to convert the national currencies of EMU members to euros. The following irrevocable euro conversion rate was adopted by the EU Council on January 1, 1999: 1 euro = 6.55957 French franc. Please note that historical data before 1999 are not actual euros and are not comparable or suitable for aggregation across countries.","France",
"FRO","Europe & Central Asia","High income","","Faroe Islands",
"FSM","East Asia & Pacific","Lower middle income","Fiscal year ends on September 30; reporting period for national accounts data: FY. Based on the Pacific and Virgin Islands Training Initiative, national accounts data have been revised.","Micronesia, Fed. Sts.",
"GAB","Sub-Saharan Africa","Upper middle income","","Gabon",
"GBR","Europe & Central Asia","High income","","United Kingdom",
"GEO","Europe & Central Asia","Lower middle income","","Georgia",
"GHA","Sub-Saharan Africa","Lower middle income","","Ghana",
"GIB","Europe & Central Asia","High income","","Gibraltar",
"GIN","Sub-Saharan Africa","Low income","Base Year is 2003 and 2010 is the Reference Year and national data revised.","Guinea",
"GMB","Sub-Saharan Africa","Low income","Fiscal year end: June 30; reporting period for national accounts data: CY.Value added is measured in basic prices.","Gambia, The",
"GNB","Sub-Saharan Africa","Low income","","Guinea-Bissau",
"GNQ","Sub-Saharan Africa","Upper middle income","","Equatorial Guinea",
"GRC","Europe & Central Asia","High income","A simple multiplier is used to convert the national currencies of EMU members to euros. The following irrevocable euro conversion rate was adopted by the EU Council on January 1, 1999: 1 euro = 340.75 Greek drachma. Please note that historical data before 1999 are not actual euros and are not comparable or suitable for aggregation across countries.","Greece",
"GRD","Latin America & Caribbean","Upper middle income","","Grenada",
"GRL","Europe & Central Asia","High income","","Greenland",
"GTM","Latin America & Caribbean","Upper middle income","The country uses chain linked metheodology.","Guatemala",
"GUM","East Asia & Pacific","High income","","Guam",
"GUY","Latin America & Caribbean","Upper middle income","","Guyana",
"HIC","","","High income group aggregate. High-income economies are those in which 2016 GNI per capita was $12,235 or more.","High income",
"HKG","East Asia & Pacific","High income","On 1 July 1997 China resumed its exercise of sovereignty over Hong Kong. Unless otherwise noted, data for China do not include data for Hong Kong SAR, China; Macao SAR, China; or Taiwan, China. Agriculture value added includes mining and quarrying.","Hong Kong SAR, China",
"HND","Latin America & Caribbean","Lower middle income","","Honduras",
"HPC","","","Heavily indebted poor countries aggregate.","Heavily indebted poor countries (HIPC)",
"HRV","Europe & Central Asia","High income","","Croatia",
"HTI","Latin America & Caribbean","Low income","Fiscal year end: September 30; reporting period for national accounts data: FY.","Haiti",
"HUN","Europe & Central Asia","High income","","Hungary",
"IBD","","","IBRD only group aggregate.","IBRD only",
"IBT","","","IDA and IBRD total group aggregate (includes IDA only, IDA blend, and IBRD only).","IDA & IBRD total",
"IDA","","","IDA total group aggregate (includes IDA only and IDA blend).","IDA total",
"IDB","","","IDA blend group aggregate.","IDA blend",
"IDN","East Asia & Pacific","Lower middle income","Fiscal year end: March 31; reporting period for national accounts data: CY. Data for Indonesia include Timor-Leste through 1999 unless otherwise noted. Statistics Indonesia revised national accounts based on SNA2008. The base year is 2010. Price valuation is in basic prices.","Indonesia",
"IDX","","","IDA only group aggregate.","IDA only",
"IMN","Europe & Central Asia","High income","WB-3 code changed from IMY to IMN to align with ISO code.","Isle of Man",
"IND","South Asia","Lower middle income","Fiscal year end: March 31; reporting period for national accounts data: FY. Based on official government statistics; the new base year is 2011/12. India reports using SNA 2008.","India",
"IRL","Europe & Central Asia","High income","A simple multiplier is used to convert the national currencies of EMU members to euros. The following irrevocable euro conversion rate was adopted by the EU Council on January 1, 1999: 1 euro = 0.787564 Irish pound. Please note that historical data before 1999 are not actual euros and are not comparable or suitable for aggregation across countries.","Ireland",
"IRN","Middle East & North Africa","Upper middle income","Fiscal year end: March 20; reporting period for national accounts data: FY. Based on data from the Central Bank of Iran, the new base year is 2011/12.","Iran, Islamic Rep.",
"IRQ","Middle East & North Africa","Upper middle income","Based on official government statistics, the new base year is 2007.","Iraq",
"ISL","Europe & Central Asia","High income","","Iceland",
"ISR","Middle East & North Africa","High income","","Israel",
"ITA","Europe & Central Asia","High income","A simple multiplier is used to convert the national currencies of EMU members to euros. The following irrevocable euro conversion rate was adopted by the EU Council on January 1, 1999: 1 euro = 1936.27 Italian lira. Please note that historical data before 1999 are not actual euros and are not comparable or suitable for aggregation across countries.","Italy",
"JAM","Latin America & Caribbean","Upper middle income","","Jamaica",
"JOR","Middle East & North Africa","Upper middle income","Expenditure data from 2010 removed as they are estimates.","Jordan",
"JPN","East Asia & Pacific","High income","Fiscal year end: March 31; reporting period for national accounts data: CY.","Japan",
"KAZ","Europe & Central Asia","Upper middle income","","Kazakhstan",
"KEN","Sub-Saharan Africa","Lower middle income","Fiscal year end: June 30; reporting period for national accounts data: CY.","Kenya",
"KGZ","Europe & Central Asia","Lower middle income","","Kyrgyz Republic",
"KHM","East Asia & Pacific","Lower middle income","","Cambodia",
"KIR","East Asia & Pacific","Lower middle income","Based on IMF and World Bank Country team, GDP in current and constant prices have been revised.","Kiribati",
"KNA","Latin America & Caribbean","High income","","St. Kitts and Nevis",
"KOR","East Asia & Pacific","High income","The new base year is 2010. GDP data are available from 1970 onward while components are revised from 2000 onward only. Historical data in constant prices are linked to preserve growth rates.","Korea, Rep.",
"KWT","Middle East & North Africa","High income","Fiscal year end: June 30; reporting period for national accounts data: CY.","Kuwait",
"LAC","","","","Latin America & Caribbean (excluding high income)",
"LAO","East Asia & Pacific","Lower middle income","New base Year 2012.","Lao PDR",
"LBN","Middle East & North Africa","Upper middle income","The new reference year is 2010.","Lebanon",
"LBR","Sub-Saharan Africa","Low income","National accounts local currency data have been revised to be reported in U.S. dollars instead of Liberian dollars.","Liberia",
"LBY","Middle East & North Africa","Upper middle income","Official statistics for Libya are not available; national accounts data are based on World Bank estimates.","Libya",
"LCA","Latin America & Caribbean","Upper middle income","St. Lucia has changed the data source from Eastern Caribbean Central Bank to the Central Statistical Office of St. Lucia.","St. Lucia",
"LCN","","","","Latin America & Caribbean",
"LDC","","","","Least developed countries: UN classification",
"LIC","","","","Low income",
"LIE","Europe & Central Asia","High income","","Liechtenstein",
"LKA","South Asia","Lower middle income","Bureau of Census and Statistics revised national accounts from 2010-2015. Value added is in basic prices; prior to 2010 in producer prices.","Sri Lanka",
"LMC","","","","Lower middle income",
"LMY","","","","Low & middle income",
"LSO","Sub-Saharan Africa","Lower middle income","Fiscal year end: March 31; reporting period for national accounts data: CY. The new base year is 2012.","Lesotho",
"LTE","","","","Late-demographic dividend",
"LTU","Europe & Central Asia","High income","A simple multiplier is used to convert the national currencies of EMU members to euros. The following irrevocable euro conversion rate entered into force on January 1, 2015: 1 euro = 3.45280 Lithuanian litas. Please note that historical data are not actual euros and are not comparable or suitable for aggregation across countries. Based on data from EUROSTAT, the new reference year is 2010.","Lithuania",
"LUX","Europe & Central Asia","High income","A simple multiplier is used to convert the national currencies of EMU members to euros. The following irrevocable euro conversion rate was adopted by the EU Council on January 1, 1999: 1 euro = 40.3399 Luxembourg franc. Please note that historical data before 1999 are not actual euros and are not comparable or suitable for aggregation across countries.","Luxembourg",
"LVA","Europe & Central Asia","High income","A simple multiplier is used to convert the national currencies of EMU members to euros. The following irrevocable euro conversion rate entered into force on January 1, 2014: 1 euro = 0.702804 Latvian lats. Please note that historical data are not actual euros and are not comparable or suitable for aggregation across countries. Based on data from EUROSTAT, the new reference year is 2010.","Latvia",
"MAC","East Asia & Pacific","High income","On 20 December 1999 China resumed its exercise of sovereignty over Macao. Unless otherwise noted, data for China do not include data for Hong Kong SAR, China; Macao SAR, China; or Taiwan, China.","Macao SAR, China",
"MAF","Latin America & Caribbean","High income","","St. Martin (French part)",
"MAR","Middle East & North Africa","Lower middle income","","Morocco",
"MCO","Europe & Central Asia","High income","","Monaco",
"MDA","Europe & Central Asia","Lower middle income","","Moldova",
"MDG","Sub-Saharan Africa","Low income","","Madagascar",
"MDV","South Asia","Upper middle income","New Base year 2014","Maldives",
"MEA","","","Middle East and North Africa regional aggregate (includes all income levels).","Middle East & North Africa",
"MEX","Latin America & Caribbean","Upper middle income","","Mexico",
"MHL","East Asia & Pacific","Upper middle income","Fiscal year ends on September 30; reporting period for national accounts data: FY.","Marshall Islands",
"MIC","","","Middle income group aggregate. Middle-income economies are those in which 2016 GNI per capita was between $1,006 and $12,235.","Middle income",
"MKD","Europe & Central Asia","Upper middle income","","Macedonia, FYR",
"MLI","Sub-Saharan Africa","Low income","The new base year is 1999.","Mali",
"MLT","Middle East & North Africa","High income","A simple multiplier is used to convert the national currencies of EMU members to euros. The following irrevocable euro conversion rate entered into force on January 1, 2008: 1 euro = 0.4293 Maltese lira. Please note that historical data are not actual euros and are not comparable or suitable for aggregation across countries. National accounts data source from 1995 to 2015 is Eurostat; prior to 1995 is UN. The new reference year is 2010.","Malta",
"MMR","East Asia & Pacific","Lower middle income","Fiscal year end: March 31; reporting period for national accounts data: FY. Based on the government’s Planning Department and the IMF national accounts have been revised from 2010 to 2015. The new base year is 2010/11.","Myanmar",
"MNA","","","","Middle East & North Africa (excluding high income)",
"MNE","Europe & Central Asia","Upper middle income","Montenegro declared independence from Serbia and Montenegro on June 3, 2006. Where available, data for each country are shown separately. However, for Serbia, some indicators continue to include data for Montenegro through 2005.","Montenegro",
"MNG","East Asia & Pacific","Lower middle income","","Mongolia",
"MNP","East Asia & Pacific","High income","","Northern Mariana Islands",
"MOZ","Sub-Saharan Africa","Low income","","Mozambique",
"MRT","Sub-Saharan Africa","Lower middle income","Based on official statistics from the Ministry of Economic Affairs and Development and ONS – Office National des Statistique; the base year has been returned to 2004.","Mauritania",
"MUS","Sub-Saharan Africa","Upper middle income","Authorities made significant revisions to the national accounts from 2006 to 2015.","Mauritius",
"MWI","Sub-Saharan Africa","Low income","Fiscal year end: March 31; reporting period for national accounts data: CY. The new base year is 2010.","Malawi",
"MYS","East Asia & Pacific","Upper middle income","","Malaysia",
"NAC","","","North America regional aggregate. There are no economies in North America classified as low or middle income.","North America",
"NAM","Sub-Saharan Africa","Upper middle income","Fiscal year end: March 31; reporting period for national accounts data: CY.","Namibia",
"NCL","East Asia & Pacific","High income","","New Caledonia",
"NER","Sub-Saharan Africa","Low income","Value added is measured in basic prices.","Niger",
"NGA","Sub-Saharan Africa","Lower middle income","","Nigeria",
"NIC","Latin America & Caribbean","Lower middle income","Country has 1994 as the base year and 2006 as the reference year. The country uses chain linked methodology.","Nicaragua",
"NLD","Europe & Central Asia","High income","A simple multiplier is used to convert the national currencies of EMU members to euros. The following irrevocable euro conversion rate was adopted by the EU Council on January 1, 1999: 1 euro = 2.20371 Netherlands guilder. Please note that historical data before 1999 are not actual euros and are not comparable or suitable for aggregation across countries.","Netherlands",
"NOR","Europe & Central Asia","High income","","Norway",
"NPL","South Asia","Low income","Fiscal year end: July 14; reporting period for national accounts data: FY.","Nepal",
"NRU","East Asia & Pacific","Upper middle income","Fiscal year end: June 30; reporting period for national accounts data: FY.","Nauru",
"NZL","East Asia & Pacific","High income","Fiscal year end: March 31; reporting period for national accounts data: CY.","New Zealand",
"OED","","","","OECD members",
"OMN","Middle East & North Africa","High income","National Center for Statistics and Information revised national accounts from 2011 to 2015 based on the SNA 2008. Value added is in basic prices; and before 2011 in producer prices.","Oman",
"OSS","","","","Other small states",
"PAK","South Asia","Lower middle income","Fiscal year end: June 30; reporting period for national accounts data: FY.","Pakistan",
"PAN","Latin America & Caribbean","High income","Based on government statistics national accounts have been revised from 2014. The country uses chain linked methodology.","Panama",
"PER","Latin America & Caribbean","Upper middle income","","Peru",
"PHL","East Asia & Pacific","Lower middle income","","Philippines",
"PLW","East Asia & Pacific","High income","Fiscal year ends on September 30; reporting period for national accounts data: FY. National accounts data are revised based on IMF reports.","Palau",
"PNG","East Asia & Pacific","Lower middle income","Based on revised data from the National Statistical Office - New base year 2013","Papua New Guinea",
"POL","Europe & Central Asia","High income","","Poland",
"PRE","","","Pre-dividend countries are mostly low-income countries, lagging in key human development indicators and with current fertility levels above four births per woman. They face very rapid population growth.","Pre-demographic dividend",
"PRI","Latin America & Caribbean","High income","Fiscal year end: June 30; reporting period for national accounts data: FY.","Puerto Rico",
"PRK","East Asia & Pacific","Low income","","Korea, Dem. People's Rep.",
"PRT","Europe & Central Asia","High income","A simple multiplier is used to convert the national currencies of EMU members to euros. The following irrevocable euro conversion rate was adopted by the EU Council on January 1, 1999: 1 euro = 200.482 Portuguese escudo. Please note that historical data before 1999 are not actual euros and are not comparable or suitable for aggregation across countries.","Portugal",
"PRY","Latin America & Caribbean","Upper middle income","","Paraguay",
"PSE","Middle East & North Africa","Lower middle income","WB-3 code changed from WBG to PSE to align with ISO code. National accounts local currency data are reported in U.S. dollars.","West Bank and Gaza",
"PSS","","","Pacific island small states aggregate.","Pacific island small states",
"PST","","","Post-dividend countries are mostly high-income countries where fertility has transitioned below replacement levels.","Post-demographic dividend",
"PYF","East Asia & Pacific","High income","","French Polynesia",
"QAT","Middle East & North Africa","High income","","Qatar",
"ROU","Europe & Central Asia","Upper middle income","WB-3 code changed from ROM to ROU to align with ISO code.","Romania",
"RUS","Europe & Central Asia","Upper middle income","","Russian Federation",
"RWA","Sub-Saharan Africa","Low income","The New Base Year is 2014.","Rwanda",
"SAS","","","","South Asia",
"SAU","Middle East & North Africa","High income","Based on data from the Saudi Central Department of Statistics and Information under the authority of the Ministry of Economy and Planning.","Saudi Arabia",
"SDN","Sub-Saharan Africa","Lower middle income","Demographic data (total population, life expectancy, fertility, child mortality, migration), education series, and HIV prevalence are reported separately for Sudan and South Sudan; see specific notes for other series. National accounts data exclude South Sudan after July 9, 2011. Other data reported for Sudan generally include South Sudan to 2011 unless otherwise noted. External debt data and land-related data (including population density, but excluding surface area after 2010) for all years include South Sudan.","Sudan",
"SEN","Sub-Saharan Africa","Low income","","Senegal",
"SGP","East Asia & Pacific","High income","Fiscal year end: March 31; reporting period for national accounts data: CY. Country reports using a blend of SNA 1993 and SNA 2008.","Singapore",
"SLB","East Asia & Pacific","Lower middle income","","Solomon Islands",
"SLE","Sub-Saharan Africa","Low income","Fiscal year end: June 30; reporting period for national accounts data: CY.","Sierra Leone",
"SLV","Latin America & Caribbean","Lower middle income","","El Salvador",
"SMR","Europe & Central Asia","High income","","San Marino",
"SOM","Sub-Saharan Africa","Low income","","Somalia",
"SRB","Europe & Central Asia","Upper middle income","Montenegro declared independence from Serbia and Montenegro on June 3, 2006. Where available, data for each country are shown separately. However, for Serbia, some indicators, such as those series for which data appear only for Serbia and not Montenegro--e.g., aid, environment, external debt, balance of payments, various social indicators excluding population--continue to include data for Montenegro through 2005. Moreover, data from 1999 onward for Serbia for most indicators exclude data for Kosovo, 1999 being the year when Kosovo became a territory under international administration pursuant to UN Security Council Resolution 1244 (1999); any exceptions are noted. Kosovo became a World Bank member on June 29, 2009; available data are shown separately for Kosovo. In 2011, the Statistical Office of Serbia improved the methodology of national accounts data for 2003 onward. Specifically, the classification of sectors was revised. The new reference year for chain linked series is 2010.","Serbia",
"SSA","","","Sub-Saharan Africa regional aggregate (does not include high-income economies).","Sub-Saharan Africa (excluding high income)",
"SSD","Sub-Saharan Africa","Low income","South Sudan declared its independence on July 9, 2011. Data are shown separately for South Sudan where available.","South Sudan",
"SSF","","","Sub-Saharan Africa regional aggregate (includes all income levels).","Sub-Saharan Africa",
"SST","","","Small states aggregate. Includes 41 members of the Small States Forum. (Does not include the high-income countries Bahrain, Brunei Darussalam, Cyprus, Estonia, Iceland, Malta, Qatar, and San Marino.)","Small states",
"STP","Sub-Saharan Africa","Lower middle income","The new base year is 2008.","São Tomé and Principe",
"SUR","Latin America & Caribbean","Upper middle income","","Suriname",
"SVK","Europe & Central Asia","High income","A simple multiplier is used to convert the national currencies of EMU members to euros. The following irrevocable euro conversion rate entered into force on January 1, 2009: 1 euro = 30.126 Slovak koruna. Please note that historical data are not actual euros and are not comparable or suitable for aggregation across countries.","Slovak Republic",
"SVN","Europe & Central Asia","High income","A simple multiplier is used to convert the national currencies of EMU members to euros. The following irrevocable euro conversion rate entered into force on January 1, 2007: 1 euro = 239.64 Slovenian tolar. Please note that historical data are not actual euros and are not comparable or suitable for aggregation across countries.","Slovenia",
"SWE","Europe & Central Asia","High income","Fiscal year end: June 30; reporting period for national accounts data: CY.","Sweden",
"SWZ","Sub-Saharan Africa","Lower middle income","Fiscal year end: March 31; reporting period for national accounts data: CY. Authorities revised national accounts from 1999 to 2015.","Swaziland",
"SXM","Latin America & Caribbean","High income","","Sint Maarten (Dutch part)",
"SYC","Sub-Saharan Africa","High income","","Seychelles",
"SYR","Middle East & North Africa","Low income","","Syrian Arab Republic",
"TCA","Latin America & Caribbean","High income","","Turks and Caicos Islands",
"TCD","Sub-Saharan Africa","Low income","","Chad",
"TEA","","","East Asia & Pacific (IDA & IBRD countries) aggregate.","East Asia & Pacific (IDA & IBRD)",
"TEC","","","Europe & Central Asia (IDA & IBRD countries) aggregate.","Europe & Central Asia (IDA & IBRD)",
"TGO","Sub-Saharan Africa","Low income","","Togo",
"THA","East Asia & Pacific","Upper middle income","Fiscal year end: September 30; reporting period for national accounts data: CY.","Thailand",
"TJK","Europe & Central Asia","Low income","","Tajikistan",
"TKM","Europe & Central Asia","Upper middle income","","Turkmenistan",
"TLA","","","Latin America & the Caribbean (IDA & IBRD countries) aggregate.","Latin America & Caribbean (IDA & IBRD)",
"TLS","East Asia & Pacific","Lower middle income","WB-3 code changed from TMP to TLS to align with ISO code.","Timor-Leste",
"TMN","","","Middle East & North Africa (IDA & IBRD countries) aggregate.","Middle East & North Africa (IDA & IBRD)",
"TON","East Asia & Pacific","Upper middle income","","Tonga",
"TSA","","","South Asia (IDA & IBRD countries) aggregate.","South Asia (IDA & IBRD)",
"TSS","","","Sub-Saharan Africa (IDA & IBRD countries) aggregate.","Sub-Saharan Africa (IDA & IBRD)",
"TTO","Latin America & Caribbean","High income","","Trinidad and Tobago",
"TUN","Middle East & North Africa","Lower middle income","","Tunisia",
"TUR","Europe & Central Asia","Upper middle income","The new base year is 2009","Turkey",
"TUV","East Asia & Pacific","Upper middle income","","Tuvalu",
"TZA","Sub-Saharan Africa","Low income","Tanzania reports using a blend of SNA 1993 and SNA 2008.","Tanzania",
"UGA","Sub-Saharan Africa","Low income","Fiscal year end: June 30; reporting period for national accounts data: FY.","Uganda",
"UKR","Europe & Central Asia","Lower middle income","","Ukraine",
"UMC","","","Upper middle income group aggregate. Upper-middle-income economies are those in which 2016 GNI per capita was between $3,956 and $12,235.","Upper middle income",
"URY","Latin America & Caribbean","High income","","Uruguay",
"USA","North America","High income","","United States",
"UZB","Europe & Central Asia","Lower middle income","","Uzbekistan",
"VCT","Latin America & Caribbean","Upper middle income","","St. Vincent and the Grenadines",
"VEN","Latin America & Caribbean","Upper middle income","","Venezuela, RB",
"VGB","Latin America & Caribbean","High income","","British Virgin Islands",
"VIR","Latin America & Caribbean","High income","","Virgin Islands (U.S.)",
"VNM","East Asia & Pacific","Lower middle income","","Vietnam",
"VUT","East Asia & Pacific","Lower middle income","","Vanuatu",
"WLD","","","World aggregate.","World",
"WSM","East Asia & Pacific","Upper middle income","Fiscal year ends on June 30; reporting period for national accounts data: FY. Data are revised from Samoa Bureau of Statistics and Central Bank of Samoa. The base year is 2008/09. Other methodological changes include increased reliance on summary data from the country’s Value Added Goods and Services Tax system, incorporation of more recent benchmarks, and use of improved data sources.","Samoa",
"XKX","Europe & Central Asia","Lower middle income","WB-3 code changed from KSV to XKX to align with ISO provisional code.","Kosovo",
"YEM","Middle East & North Africa","Low income","Based on official government statistics and International Monetary Fund data, national accounts data have been revised for 1990 onward. The exchange rate used for 2016 is official rate and not IFS rate. The base year has reverted to 1990.","Yemen, Rep.",
"ZAF","Sub-Saharan Africa","Upper middle income","Fiscal year end: March 31; reporting period for national accounts data: CY.","South Africa",
"ZMB","Sub-Saharan Africa","Lower middle income","The base year is 2010. National accounts data were rebased to reflect the January 1, 2013, introduction of the new Zambian kwacha at a rate of 1,000 old kwacha = 1 new kwacha. Zambia reports using SNA 2008.","Zambia",
"ZWE","Sub-Saharan Africa","Low income","Fiscal year end: June 30; reporting period for national accounts data: CY. As of January 2009, multiple hard currencies, such as rand, pound sterling, euro and U.S. dollar are in use. Data are reported in U.S. dollars, the most-used currency.","Zimbabwe",
